{
  "conversation_7756": {
    "user_input": "who is the 4th president of india",
    "system_response": "I couldn't find information about 'the 4th president of india'. Let me remember this query for future learning.",
    "timestamp": "2025-07-03 23:12:39.763341",
    "type": "conversation"
  },
  "conversation_9816": {
    "user_input": "who is the 4th prime minister of india",
    "system_response": "I couldn't find information about 'the 4th prime minister of india'. Let me remember this query for future learning.",
    "timestamp": "2025-07-03 23:23:57.903749",
    "type": "conversation"
  }
}